{
   "model_0": {
      "seed": "1",
      "pred_rmse": 0.2159819774339684,
      "min_train_loss": 0.9674255847930908,
      "epoch_min_train_loss": 3999,
      "min_val_loss": 1.7361373901367188,
      "epoch_min_val_loss": 1045
   },
   "model_1": {
      "seed": "3",
      "pred_rmse": 0.054938146985917875,
      "min_train_loss": 2.0627217292785645,
      "epoch_min_train_loss": 3999,
      "min_val_loss": 1.4832333326339722,
      "epoch_min_val_loss": 719
   },
   "model_2": {
      "seed": "5",
      "pred_rmse": 0.11287111089453734,
      "min_train_loss": 1.8969167470932007,
      "epoch_min_train_loss": 3999,
      "min_val_loss": 1.3498189449310303,
      "epoch_min_val_loss": 489
   },
   "model_3": {
      "seed": "7",
      "pred_rmse": 0.06507320169689663,
      "min_train_loss": 1.9358208179473877,
      "epoch_min_train_loss": 3999,
      "min_val_loss": 2.2186388969421387,
      "epoch_min_val_loss": 627
   },
   "model_4": {
      "seed": "9",
      "pred_rmse": 0.11938158668110074,
      "min_train_loss": 2.092395305633545,
      "epoch_min_train_loss": 3999,
      "min_val_loss": 2.3263134956359863,
      "epoch_min_val_loss": 671
   },
   "model_5": {
      "seed": "11",
      "pred_rmse": 0.16476221141720745,
      "min_train_loss": 2.421077013015747,
      "epoch_min_train_loss": 3999,
      "min_val_loss": 2.651489019393921,
      "epoch_min_val_loss": 772
   },
   "model_6": {
      "seed": "13",
      "pred_rmse": 0.17643023235619276,
      "min_train_loss": 1.288561224937439,
      "epoch_min_train_loss": 3999,
      "min_val_loss": 1.6724947690963745,
      "epoch_min_val_loss": 812
   },
   "model_7": {
      "seed": "15",
      "pred_rmse": 0.0631339775602891,
      "min_train_loss": 1.9123324155807495,
      "epoch_min_train_loss": 3999,
      "min_val_loss": 2.9241342544555664,
      "epoch_min_val_loss": 339
   },
   "model_8": {
      "seed": "17",
      "pred_rmse": 0.15129074773900172,
      "min_train_loss": 2.150465726852417,
      "epoch_min_train_loss": 3999,
      "min_val_loss": 1.8508679866790771,
      "epoch_min_val_loss": 2158
   },
   "model_9": {
      "seed": "19",
      "pred_rmse": 0.11850254411039786,
      "min_train_loss": 2.0855324268341064,
      "epoch_min_train_loss": 3999,
      "min_val_loss": 3.438229560852051,
      "epoch_min_val_loss": 367
   },
   "model_10": {
      "seed": "21",
      "pred_rmse": 0.036065331168936024,
      "min_train_loss": 1.405386209487915,
      "epoch_min_train_loss": 3999,
      "min_val_loss": 1.9094772338867188,
      "epoch_min_val_loss": 329
   },
   "model_11": {
      "seed": "23",
      "pred_rmse": 0.03437600871841973,
      "min_train_loss": 1.4824365377426147,
      "epoch_min_train_loss": 3999,
      "min_val_loss": 2.3194711208343506,
      "epoch_min_val_loss": 892
   },
   "model_12": {
      "seed": "25",
      "pred_rmse": 0.05753253307502174,
      "min_train_loss": 1.9262405633926392,
      "epoch_min_train_loss": 3999,
      "min_val_loss": 2.3100578784942627,
      "epoch_min_val_loss": 1699
   },
   "model_13": {
      "seed": "27",
      "pred_rmse": 0.054758904782249325,
      "min_train_loss": 2.11948299407959,
      "epoch_min_train_loss": 3999,
      "min_val_loss": 2.6491799354553223,
      "epoch_min_val_loss": 542
   },
   "model_14": {
      "seed": "29",
      "pred_rmse": 0.03231717971502347,
      "min_train_loss": 1.5477086305618286,
      "epoch_min_train_loss": 3999,
      "min_val_loss": 1.9595011472702026,
      "epoch_min_val_loss": 834
   },
   "model_15": {
      "seed": "31",
      "pred_rmse": 0.07790353050072935,
      "min_train_loss": 1.9941178560256958,
      "epoch_min_train_loss": 3999,
      "min_val_loss": 2.487727642059326,
      "epoch_min_val_loss": 351
   },
   "model_16": {
      "seed": "33",
      "pred_rmse": 0.09143037857078208,
      "min_train_loss": 2.0143463611602783,
      "epoch_min_train_loss": 3999,
      "min_val_loss": 2.259848117828369,
      "epoch_min_val_loss": 484
   },
   "model_17": {
      "seed": "35",
      "pred_rmse": 0.04400093481575686,
      "min_train_loss": 1.7967854738235474,
      "epoch_min_train_loss": 3999,
      "min_val_loss": 2.535273790359497,
      "epoch_min_val_loss": 561
   },
   "model_18": {
      "seed": "37",
      "pred_rmse": 0.10857931953284504,
      "min_train_loss": 1.6885424852371216,
      "epoch_min_train_loss": 3999,
      "min_val_loss": 1.646687388420105,
      "epoch_min_val_loss": 1347
   },
   "model_19": {
      "seed": "39",
      "pred_rmse": 0.045951398327506617,
      "min_train_loss": 1.1155017614364624,
      "epoch_min_train_loss": 3999,
      "min_val_loss": 1.326857566833496,
      "epoch_min_val_loss": 697
   },
   "model_20": {
      "seed": "41",
      "pred_rmse": 0.10631012279584336,
      "min_train_loss": 2.4651708602905273,
      "epoch_min_train_loss": 3999,
      "min_val_loss": 3.1500425338745117,
      "epoch_min_val_loss": 490
   },
   "model_21": {
      "seed": "43",
      "pred_rmse": 0.1181919876405548,
      "min_train_loss": 2.4063913822174072,
      "epoch_min_train_loss": 3999,
      "min_val_loss": 1.7931311130523682,
      "epoch_min_val_loss": 448
   },
   "model_22": {
      "seed": "45",
      "pred_rmse": 0.15247479043236115,
      "min_train_loss": 2.6833760738372803,
      "epoch_min_train_loss": 3999,
      "min_val_loss": 2.174144744873047,
      "epoch_min_val_loss": 530
   },
   "model_23": {
      "seed": "47",
      "pred_rmse": 0.08946278148783936,
      "min_train_loss": 2.0795648097991943,
      "epoch_min_train_loss": 3999,
      "min_val_loss": 1.6836825609207153,
      "epoch_min_val_loss": 473
   },
   "model_24": {
      "seed": "49",
      "pred_rmse": 0.0813327559424423,
      "min_train_loss": 1.305213212966919,
      "epoch_min_train_loss": 3999,
      "min_val_loss": 1.4334038496017456,
      "epoch_min_val_loss": 1031
   },
   "model_25": {
      "seed": "51",
      "pred_rmse": 0.08162720173522135,
      "min_train_loss": 2.2672982215881348,
      "epoch_min_train_loss": 3999,
      "min_val_loss": 2.450664758682251,
      "epoch_min_val_loss": 720
   },
   "model_26": {
      "seed": "53",
      "pred_rmse": 0.05534569536564195,
      "min_train_loss": 1.4802241325378418,
      "epoch_min_train_loss": 3999,
      "min_val_loss": 2.4156551361083984,
      "epoch_min_val_loss": 646
   },
   "model_27": {
      "seed": "55",
      "pred_rmse": 0.18440692744452472,
      "min_train_loss": 2.4511866569519043,
      "epoch_min_train_loss": 3999,
      "min_val_loss": 3.0932090282440186,
      "epoch_min_val_loss": 561
   },
   "model_28": {
      "seed": "57",
      "pred_rmse": 0.06357925133676239,
      "min_train_loss": 1.8319778442382812,
      "epoch_min_train_loss": 3999,
      "min_val_loss": 1.45071280002594,
      "epoch_min_val_loss": 680
   },
   "model_29": {
      "seed": "59",
      "pred_rmse": 0.043662387180156755,
      "min_train_loss": 2.003458261489868,
      "epoch_min_train_loss": 3999,
      "min_val_loss": 1.9282253980636597,
      "epoch_min_val_loss": 883
   }
}